Name,Address,Stars,Reviews,Phone,Hours,Website,GoogleURL
Medico General," Calle Vicente Guerrero 6177",5.0,29,12223303855,Abierto ⋅ Cierra a las 9 p.m. ,,https://www.google.com/maps/place/Medico+General/data=!4m7!3m6!1s0x85cfc7538332cccb:0xb9542e0c50d1ccd2!8m2!3d19.01138!4d-98.2244742!16s%2Fg%2F11f4lbytnb!19sChIJy8wyg1PHz4UR0szRUAwuVLk?authuser=0&hl=es-419&rclk=1
"Dra Andrea Torres Jiménez, Internista y Bariatra Clínico"," Av. Kepler 2143-CONSULTORIO 960",5.0,1,222 241 9822,Abierto ⋅ Cierra a las 7 p.m. ,http://www.draandreatorres.com/,"https://www.google.com/maps/place/Dra+Andrea+Torres+Jim%C3%A9nez,+Internista+y+Bariatra+Cl%C3%ADnico/data=!4m7!3m6!1s0x85cfc716f2d6aa55:0x8fa81cec99cb565f!8m2!3d19.021297!4d-98.2347606!16s%2Fg%2F11h7c803np!19sChIJVarW8hbHz4URX1bLmewcqI8?authuser=0&hl=es-419&rclk=1"
Médicos Internistas en Puebla," Av. Kepler 2143, Hospital Ángeles Puebla torre medica de especialidad 1, tercer piso, consultorio 315",5.0,8,246 133 3385,Cierra pronto ⋅ 6 p.m. ⋅ Abre a las 9 a.m. del sáb ,https://medicosinternistasenpuebla.com/,https://www.google.com/maps/place/M%C3%A9dicos+Internistas+en+Puebla/data=!4m7!3m6!1s0x85cfc0ed8841aad5:0x777001ba0d21ce51!8m2!3d19.0209912!4d-98.2351484!16s%2Fg%2F12cnpk6c_!19sChIJ1apBiO3Az4URUc4hDboBcHc?authuser=0&hl=es-419&rclk=1
Dr. Miguel Cruz Gómez," C. del Trabajo 33",3.3,11,222 136 5709,Abierto las 24 horas ,,https://www.google.com/maps/place/Dr.+Miguel+Cruz+G%C3%B3mez/data=!4m7!3m6!1s0x85cfc74e8fa8f393:0x5294b1015ee3ee7!8m2!3d19.0201867!4d-98.2275196!16s%2Fg%2F1v27vvbv!19sChIJk_Ooj07Hz4UR5z7uFRBLKQU?authuser=0&hl=es-419&rclk=1
Consultorio Médico," Cúmulo de Virgo 34, Reserva Territorial Atlixcáyotl",0.0,0,,,,https://www.google.com/maps/place/Consultorio+M%C3%A9dico/data=!4m7!3m6!1s0x85cfc74377199e93:0x7aceac6953b5a1eb!8m2!3d19.0187462!4d-98.2385266!16s%2Fg%2F1ptyyj47w!19sChIJk54Zd0PHz4UR66G1U2mszno?authuser=0&hl=es-419&rclk=1
Blu Grupo Médico," Torre Inxignia, Atlixcáyotl 2210",5.0,14,222 422 9523,Abierto ⋅ Cierra a las 8 p.m. ,https://blumedical.com.mx/,https://www.google.com/maps/place/Blu+Grupo+M%C3%A9dico/data=!4m7!3m6!1s0x85cfc1d351fb0d1f:0xeced052b168ec441!8m2!3d19.0225021!4d-98.2448012!16s%2Fg%2F11vr0fxczn!19sChIJHw37UdPBz4URQcSOFisF7ew?authuser=0&hl=es-419&rclk=1
CONSULTORIO MÉDICO," C. 11 Sur 9904",4.5,8,800 911 6666,Abierto ⋅ Cierra a las 9 p.m. ,http://www.farmaciasdesimilares.com.mx/,https://www.google.com/maps/place/CONSULTORIO+M%C3%89DICO/data=!4m7!3m6!1s0x85cfb8a0bea07da1:0x72e45fa54d78e503!8m2!3d19.0032152!4d-98.238747!16s%2Fg%2F1pyqrv6z3!19sChIJoX2gvqC4z4URA-V4TaVf5HI?authuser=0&hl=es-419&rclk=1
"Dr. Jorge Garza Sánchez, Coloproctólogo"," Consultorio 1050, Hospital Angeles, Av. Kepler 2143-Torre 1 Piso 10",4.8,79,222 614 5829,Abierto ⋅ Cierra a las 6:30 p.m. ,https://www.doctorjorgegarza.com/,"https://www.google.com/maps/place/Dr.+Jorge+Garza+S%C3%A1nchez,+Coloproct%C3%B3logo/data=!4m7!3m6!1s0x85cfc745d1e4a105:0x957fee2cd54cdf4c!8m2!3d19.0212498!4d-98.234671!16s%2Fg%2F11bbrnkz_b!19sChIJBaHk0UXHz4URTN9M1Szuf5U?authuser=0&hl=es-419&rclk=1"
Daniel Arizpe Bravo," Av. Kepler 2143",4.5,13,222 235 6935,,https://www.topdoctors.mx/doctor/daniel-arizpe-bravo,https://www.google.com/maps/place/Daniel+Arizpe+Bravo/data=!4m7!3m6!1s0x85cfc021a993c68d:0x4c8f4f81d49ff157!8m2!3d19.0212348!4d-98.2347432!16s%2Fg%2F1tjjpq5_!19sChIJjcaTqSHAz4URV_Gf1IFPj0w?authuser=0&hl=es-419&rclk=1
Dr. Armando Sigala - Gastrocirugía-Cirugía Laparoscopica-Robotica," Hospital Ángeles de Puebla, Av. Kepler 2143-Torre 1, piso 9, consultorio 986",4.7,142,222 534 1363,Abierto ⋅ Cierra a las 8 p.m. ,https://www.gastrocirugiadrsigala.com/,https://www.google.com/maps/place/Dr.+Armando+Sigala+-+Gastrocirug%C3%ADa-Cirug%C3%ADa+Laparoscopica-Robotica/data=!4m7!3m6!1s0x85cfc745cdd00001:0xf186cc3e456256e9!8m2!3d19.0212498!4d-98.234671!16s%2Fg%2F11j4nb15nx!19sChIJAQDQzUXHz4UR6VZiRT7MhvE?authuser=0&hl=es-419&rclk=1
"Dr. Arturo Simont Zeron, Ginecólogo"," Av. Kepler 2143",4.9,105,220 171 7285,Abierto ⋅ Cierra a las 8:20 p.m. ,https://www.doctoralia.com.mx/arturo-simont-zeron/ginecologo-medico-general/puebla?utm_source=google&utm_medium=gmb&utm_campaign=42171&utm_content=website,"https://www.google.com/maps/place/Dr.+Arturo+Simont+Zeron,+Ginec%C3%B3logo/data=!4m7!3m6!1s0x85cfc7fd21b14519:0x96907624727abb1a!8m2!3d19.0213032!4d-98.2347336!16s%2Fg%2F11j00529m5!19sChIJGUWxIf3Hz4URGrt6ciR2kJY?authuser=0&hl=es-419&rclk=1"
Dr. Rubén Romero Méndez," Dirección: Av. Kepler 2143, Reserva Territorial Atlixcáyotl, 72190, Atlixcáyotl LT Desarrollo",5.0,105,222 306 7568,Abierto ⋅ Cierra a las 12 a.m. ,https://www.topdoctors.mx/doctor/ruben-romero-mendez,https://www.google.com/maps/place/Dr.+Rub%C3%A9n+Romero+M%C3%A9ndez/data=!4m7!3m6!1s0x85cfc7eccdbf1687:0xd2af1f5d859780cb!8m2!3d19.0222878!4d-98.2317264!16s%2Fg%2F11gxjtg_6c!19sChIJhxa_zezHz4URy4CXhV0fr9I?authuser=0&hl=es-419&rclk=1
SERVI MEDICA INTEGRAL S.C.," Privada A Ote de la 16 de Septiembre 4317",4.3,71,222 296 7270,Abierto ⋅ Cierra a las 7 p.m. ,,https://www.google.com/maps/place/SERVI+MEDICA+INTEGRAL+S.C./data=!4m7!3m6!1s0x85cfc0b84e877cb3:0x1affbe578148bfc9!8m2!3d19.0266973!4d-98.2085203!16s%2Fg%2F1ptzqq364!19sChIJs3yHTrjAz4URyb9IgVe-_xo?authuser=0&hl=es-419&rclk=1
"Dr. José Antonio Barraza Franco, Ortopedista en Puebla"," Av. Kepler 2143-Consultorio 315-torre 2",5.0,20,222 455 7297,Abierto ⋅ Cierra a las 7 p.m. ,http://www.drbarraza.com/,"https://www.google.com/maps/place/Dr.+Jos%C3%A9+Antonio+Barraza+Franco,+Ortopedista+en+Puebla/data=!4m7!3m6!1s0x85cfc745cd95d5c9:0xc5908d54b08b6f31!8m2!3d19.0212498!4d-98.234671!16s%2Fg%2F11f66r3x3t!19sChIJydWVzUXHz4URMW-LsFSNkMU?authuser=0&hl=es-419&rclk=1"
Electrofisiólogo Nicolas Reyes Reyes," Av. Kepler 2143, int 875 Reserva Territorial Atlixcáyotl, 72190 Puebla",5.0,36,222 708 8866,Abierto ⋅ Cierra a las 7 p.m. ,https://www.topdoctors.mx/doctor/nicolas-reyes-reyes,https://www.google.com/maps/place/Electrofisi%C3%B3logo+Nicolas+Reyes+Reyes/data=!4m7!3m6!1s0x85cfc7f8f156814d:0xb1ce91768aefda68!8m2!3d19.0223135!4d-98.2317749!16s%2Fg%2F11stwp4r13!19sChIJTYFW8fjHz4URaNrvinaRzrE?authuser=0&hl=es-419&rclk=1
DOCTOR," 79 Poniente esquina 15 B Sur",0.0,0,222 228 0464,Abierto las 24 horas ,,https://www.google.com/maps/place/DOCTOR/data=!4m7!3m6!1s0x85cfc759992fecab:0x429d75033d4da82!8m2!3d19.0091164!4d-98.2345791!16s%2Fg%2F1ptwh92kt!19sChIJq-wvmVnHz4URgtrUM1DXKQQ?authuser=0&hl=es-419&rclk=1
"Dr. Roberto Hernández Zermeño, Geriatra"," Hospital Angeles Puebla Consultorio 3815 Torre II de especialidades, Av. Kepler 2143",4.7,7,222 214 1453,,https://www.doctoralia.com.mx/roberto-hernandez-zermeno/geriatra/puebla?utm_source=google&utm_medium=gmb&utm_campaign=116197&utm_content=website,"https://www.google.com/maps/place/Dr.+Roberto+Hern%C3%A1ndez+Zerme%C3%B1o,+Geriatra/data=!4m7!3m6!1s0x85cfc7c654fb68d3:0x76ebd12ca8db4327!8m2!3d19.0214068!4d-98.2346974!16s%2Fg%2F11fm3tvlmr!19sChIJ02j7VMbHz4URJ0PbqCzR63Y?authuser=0&hl=es-419&rclk=1"
Nefrólogos en Puebla," hospital ángeles, Consultorio 1286, Kepler 2143-Torre 1",4.9,69,221 105 3384,Cierra pronto ⋅ 6 p.m. ⋅ Abre a las 8 a.m. del sáb ,https://nefrologosenpuebla.com.mx/,https://www.google.com/maps/place/Nefr%C3%B3logos+en+Puebla/data=!4m7!3m6!1s0x85cfc78b02e8eb97:0xb6770668e9c33171!8m2!3d19.0213624!4d-98.2348919!16s%2Fg%2F11f6y0fj2d!19sChIJl-voAovHz4URcTHD6WgGd7Y?authuser=0&hl=es-419&rclk=1
"Dr. Juan José Arreola Noriega, Especialista en Obesidad y Delgadez"," Av. Kepler 2143",3.0,4,221 344 9679,Abierto ⋅ Cierra a las 8 p.m. ,https://bypasspuebla.com/,"https://www.google.com/maps/place/Dr.+Juan+Jos%C3%A9+Arreola+Noriega,+Especialista+en+Obesidad+y+Delgadez/data=!4m7!3m6!1s0x85cfc77b8d8f6c07:0x6feee8fe1ddf75dc!8m2!3d19.0212498!4d-98.234671!16s%2Fg%2F11qmbytgjd!19sChIJB2yPjXvHz4UR3HXfHf7o7m8?authuser=0&hl=es-419&rclk=1"
CENTRO MÉDICO 24 HRS," Av Bugambilias 6542",2.7,18,222 245 9764,Abierto las 24 horas ,,https://www.google.com/maps/place/CENTRO+M%C3%89DICO+24+HRS/data=!4m7!3m6!1s0x85cfbf55dda2d9c5:0x4726338e46cecd30!8m2!3d19.0036697!4d-98.2162728!16s%2Fg%2F1pv0t5t5b!19sChIJxdmi3VW_z4URMM3ORo4zJkc?authuser=0&hl=es-419&rclk=1
Consultorio Medico," Av. Kepler 2143",0.0,0,222 225 0308,,,https://www.google.com/maps/place/Consultorio+Medico/data=!4m7!3m6!1s0x85cfc62d22d98475:0xef1d1d7304b9d43c!8m2!3d19.0212348!4d-98.2347432!16s%2Fg%2F1tfccj2m!19sChIJdYTZIi3Gz4URPNS5BHMdHe8?authuser=0&hl=es-419&rclk=1
Dr. Francisco Manuel Vélez Pérez (Cirugía de vesícula Puebla)," Consultorio 1992, Av. Kepler 2143-Torre 1 Piso 19",4.8,77,221 557 8377,Abierto ⋅ Cierra a las 8 p.m. ,https://drfranciscovelez.com/,https://www.google.com/maps/place/Dr.+Francisco+Manuel+V%C3%A9lez+P%C3%A9rez+%28Cirug%C3%ADa+de+ves%C3%ADcula+Puebla%29/data=!4m7!3m6!1s0x85cfc71bd81b10d3:0x7add39c37514fcab!8m2!3d19.0222878!4d-98.2317264!16s%2Fg%2F11h4c796mt!19sChIJ0xAb2BvHz4URq_wUdcM53Xo?authuser=0&hl=es-419&rclk=1
Dr. Darío Alejandro Papaqui. Pediatra," Av. Kepler 2143-consultorio 755",4.6,38,222 303 8357,Cerrado ⋅ Abre a las 10 a.m. del sáb ,http://www.drpapaqui.com.mx/,https://www.google.com/maps/place/Dr.+Dar%C3%ADo+Alejandro+Papaqui.+Pediatra/data=!4m7!3m6!1s0x85cfc745ce0578b9:0xc3464537fa81acf1!8m2!3d19.02125!4d-98.234671!16s%2Fg%2F1hc4mrx47!19sChIJuXgFzkXHz4UR8ayB-jdFRsM?authuser=0&hl=es-419&rclk=1
MÉDICO," C. Miguel Hidalgo Y Costilla 6317",0.0,0,222 892 9518,Abierto ⋅ Cierra a las 9 p.m. ,,https://www.google.com/maps/place/M%C3%89DICO/data=!4m7!3m6!1s0x85cfc754e8771b47:0xf2c1e81b7e006267!8m2!3d19.00867!4d-98.2228013!16s%2Fg%2F1pv2p9mkb!19sChIJRxt36FTHz4URZ2IAfhvowfI?authuser=0&hl=es-419&rclk=1
Consultorios Médicos de Especialidad," Av. 45 Pte. 116",0.0,0,222 240 7082,Abierto ⋅ Cierra a las 8 p.m. ,,https://www.google.com/maps/place/Consultorios+M%C3%A9dicos+de+Especialidad/data=!4m7!3m6!1s0x85cfc0b81ff95ebf:0x712aca310f7c73d8!8m2!3d19.0277621!4d-98.2103176!16s%2Fg%2F1tkb5ft0!19sChIJv175H7jAz4UR2HN8DzHKKnE?authuser=0&hl=es-419&rclk=1
Dr. José Manuel Moreno Berber. Cirujano Coloproctólogo Certificado," Av. Kepler 2143",2.8,5,222 303 8369,Abierto ⋅ Cierra a las 8 p.m. ,https://www.facebook.com/Drmorenoberber,https://www.google.com/maps/place/Dr.+Jos%C3%A9+Manuel+Moreno+Berber.+Cirujano+Coloproct%C3%B3logo+Certificado/data=!4m7!3m6!1s0x85cfc70bcfbe5737:0x1ff580bd910a4ba7!8m2!3d19.0212775!4d-98.2350645!16s%2Fg%2F11nxs0g1gf!19sChIJN1e-zwvHz4URp0sKkb2A9R8?authuser=0&hl=es-419&rclk=1
Centro Médico de Especialidades Puebla," Diag. Ignacio Zaragoza 5128",3.8,48,222 233 3355,Abierto ⋅ Cierra a las 7:30 p.m. ,,https://www.google.com/maps/place/Centro+M%C3%A9dico+de+Especialidades+Puebla/data=!4m7!3m6!1s0x85cfc09872ae4863:0x3a3918874c62c45c!8m2!3d19.0163786!4d-98.1988964!16s%2Fg%2F1tggtw3w!19sChIJY0iucpjAz4URXMRiTIcYOTo?authuser=0&hl=es-419&rclk=1
Medicos de Puebla," Calle 4",5.0,1,222 431 5191,,,https://www.google.com/maps/place/Medicos+de+Puebla/data=!4m7!3m6!1s0x85cfc73650cf1091:0xfef54b6ee6ba8396!8m2!3d19.0308185!4d-98.2289347!16s%2Fg%2F11cmsq7syv!19sChIJkRDPUDbHz4URloO65m5L9f4?authuser=0&hl=es-419&rclk=1
Médico," Calle 53 Pte. 909",1.0,1,222 755 6705,Abierto ⋅ Cierra a las 8 p.m. ,,https://www.google.com/maps/place/M%C3%A9dico/data=!4m7!3m6!1s0x85cfc0b4f398af03:0x8f31bcd0e7c6e38d!8m2!3d19.0262237!4d-98.2186082!16s%2Fg%2F1pt_16qdq!19sChIJA6-Y87TAz4URjePG59C8MY8?authuser=0&hl=es-419&rclk=1
Dr. Miguel Angel Torres Santana," Blvd. Kepler 2143",5.0,3,222 265 1285,,,https://www.google.com/maps/place/Dr.+Miguel+Angel+Torres+Santana/data=!4m7!3m6!1s0x85cfc0ea55555555:0xa6c6768b94e8b25f!8m2!3d19.0212637!4d-98.2347289!16s%2Fg%2F11f5tgfscj!19sChIJVVVVVerAz4URX7LolIt2xqY?authuser=0&hl=es-419&rclk=1
Dr. Carlos Erik Shuck Bello UROLOGO," Hospital Angeles Puebla, Av. Kepler 2143-Torre 1 Piso 12 CONSULTORIO 1290",5.0,5,222 290 7600,Abierto ⋅ Cierra a las 8 p.m. ,http://www.uropuebla.com/,https://www.google.com/maps/place/Dr.+Carlos+Erik+Shuck+Bello+UROLOGO/data=!4m7!3m6!1s0x85cfc7365953390d:0xbf8dae870d2544c7!8m2!3d19.0212498!4d-98.234671!16s%2Fg%2F11c43pf540!19sChIJDTlTWTbHz4URx0QlDYeujb8?authuser=0&hl=es-419&rclk=1
Dra. María del Rocio Hernández Morales," Av. Kepler 2143",4.2,5,,,https://www.doctoralia.com.mx/maria-del-rocio-hernandez-morales/inmunologo-pediatra/puebla?utm_source=google&utm_medium=gmb&utm_campaign=81530,https://www.google.com/maps/place/Dra.+Mar%C3%ADa+del+Rocio+Hern%C3%A1ndez+Morales/data=!4m7!3m6!1s0x85cfc7ac10be2d07:0xb212f88c760e57c3!8m2!3d19.0213338!4d-98.2347394!16s%2Fg%2F11j7y68ksw!19sChIJBy2-EKzHz4URw1cOdoz4ErI?authuser=0&hl=es-419&rclk=1
Dr. Saúl Abraham Mendoza," Hospital Angeles Puebla, Av. Kepler 2143-Consultorio 960-B Torre 1",5.0,3,222 240 5484,Abierto ⋅ Cierra a las 8 p.m. ,,https://www.google.com/maps/place/Dr.+Sa%C3%BAl+Abraham+Mendoza/data=!4m7!3m6!1s0x85cfc6d5de41b73d:0x65b2c985527b96bf!8m2!3d19.0212498!4d-98.234671!16s%2Fg%2F1vzqslr5!19sChIJPbdB3tXGz4URv5Z7UoXJsmU?authuser=0&hl=es-419&rclk=1
Dra. Marisol Ramírez Anaya," Av. Kepler 2143",3.4,15,222 932 8960 ext. 6627,,https://www.topdoctors.mx/doctor/marisol-ramirez-anaya,https://www.google.com/maps/place/Dra.+Marisol+Ram%C3%ADrez+Anaya/data=!4m7!3m6!1s0x85cfc745cdb102b5:0xbb18c6afcd265a77!8m2!3d19.0212348!4d-98.2347432!16s%2Fg%2F11r_tyzs77!19sChIJtQKxzUXHz4URd1omza_GGLs?authuser=0&hl=es-419&rclk=1
Consultorio Médico," Av. 83 Pte. 1",0.0,0,222 228 3856,,,https://www.google.com/maps/place/Consultorio+M%C3%A9dico/data=!4m7!3m6!1s0x85cfc75ed449e955:0x2776150fe08f089d!8m2!3d19.0074239!4d-98.2380241!16s%2Fg%2F11cmsq79ls!19sChIJVelJ1F7Hz4URnQiP4A8Vdic?authuser=0&hl=es-419&rclk=1
"Dra. Mari Carmen Jimenez Andrade, Infectólogo"," Av. Kepler 2143",3.4,5,249 133 5357,,https://www.doctoralia.com.mx/mari-carmen-jimenez-andrade/infectologo-internista/puebla?utm_source=google&utm_medium=gmb&utm_campaign=193041&utm_content=website,"https://www.google.com/maps/place/Dra.+Mari+Carmen+Jimenez+Andrade,+Infect%C3%B3logo/data=!4m7!3m6!1s0x85cfc7e8353b6bf9:0x97366a0a7a4c0809!8m2!3d19.0223135!4d-98.2317749!16s%2Fg%2F11j1bxvb7s!19sChIJ-Ws7NejHz4URCQhMegpqNpc?authuser=0&hl=es-419&rclk=1"
Centro Médico LACT," Avenida Ignacio Zaragoza 424",5.0,1,222 322 2408,Abierto ⋅ Cierra a las 10 p.m. ,,https://www.google.com/maps/place/Centro+M%C3%A9dico+LACT/data=!4m7!3m6!1s0x85cfc1729609c349:0xbbe094df8548d2b2!8m2!3d19.0192187!4d-98.2075877!16s%2Fg%2F11h4xhlyzm!19sChIJScMJlnLBz4URstJIhd-U4Ls?authuser=0&hl=es-419&rclk=1
Dr. Juan Gregorio Montero García Cirujano," Av. Kepler 2143-Consultorio 900",4.6,56,222 577 9999,Cerrado ⋅ Abre a las 4 p.m. del dom ,https://www.topdoctors.mx/doctor/juan-gregorio-montero-garcia,https://www.google.com/maps/place/Dr.+Juan+Gregorio+Montero+Garc%C3%ADa+Cirujano/data=!4m7!3m6!1s0x85cfc795125dd475:0x9c89da1326fc39b0!8m2!3d19.0212348!4d-98.2347432!16s%2Fg%2F11nms68nv_!19sChIJddRdEpXHz4URsDn8JhPaiZw?authuser=0&hl=es-419&rclk=1
"Dr. Alfredo Romero Díaz, Audiólogo"," Av. Kepler 2143",3.5,11,,,https://www.doctoralia.com.mx/alfredo-romero-diaz/audiologo/puebla?utm_source=google&utm_medium=gmb&utm_campaign=13474&utm_content=website,"https://www.google.com/maps/place/Dr.+Alfredo+Romero+D%C3%ADaz,+Audi%C3%B3logo/data=!4m7!3m6!1s0x85cfc7ea013fb57d:0xfc35317d623f5b5b!8m2!3d19.0213338!4d-98.2347394!16s%2Fg%2F11hyh5181s!19sChIJfbU_AerHz4URW1s_Yn0xNfw?authuser=0&hl=es-419&rclk=1"
Grupo Médico AG," Privada 13 A Sur 5535",3.9,8,222 237 1256,Cierra pronto ⋅ 6 p.m. ⋅ Abre a las 9 a.m. del sáb ,,https://www.google.com/maps/place/Grupo+M%C3%A9dico+AG/data=!4m7!3m6!1s0x85cfc74b7da91b5b:0xf6bb90973f81583!8m2!3d19.0227022!4d-98.2235713!16s%2Fg%2F11bv3mtpqg!19sChIJWxupfUvHz4URgxX4cwm5aw8?authuser=0&hl=es-419&rclk=1
"ORTOPEDIA Y TRAUMATOLOGIA, CENTRO MEDICO BIOS PUEBLA PUE."," Río Mayo 5953",3.7,22,221 147 3093,Abierto ⋅ Cierra a las 7 p.m. ,https://drfloresortopedista.com/,"https://www.google.com/maps/place/ORTOPEDIA+Y+TRAUMATOLOGIA,+CENTRO+MEDICO+BIOS+PUEBLA+PUE./data=!4m7!3m6!1s0x85cfc0a72bf25931:0xa2e84f75e63bc25f!8m2!3d19.0083525!4d-98.2052918!16s%2Fg%2F1tdfnlxv!19sChIJMVnyK6fAz4URX8I75nVP6KI?authuser=0&hl=es-419&rclk=1"
Dr. Erick Domínguez Cano," Av. Kepler 2143",5.0,7,222 242 6191,Cerrado ⋅ Abre a las 11:30 a.m. del sáb ,https://www.facebook.com/DrErickDominguez,https://www.google.com/maps/place/Dr.+Erick+Dom%C3%ADnguez+Cano/data=!4m7!3m6!1s0x85cfc783b61a499b:0x50423ce6ab0abb22!8m2!3d19.0212348!4d-98.2347432!16s%2Fg%2F11q2trk4g7!19sChIJm0katoPHz4URIrsKq-Y8QlA?authuser=0&hl=es-419&rclk=1
MEDICO MEDICINA GENERAL," Av Benito Juárez 5117-B-5117-B",1.0,1,,,,https://www.google.com/maps/place/MEDICO+MEDICINA+GENERAL/data=!4m7!3m6!1s0x85cfc0ba3b6f48b5:0x3f27626d909e96ce!8m2!3d19.0224626!4d-98.2086441!16s%2Fg%2F1ptxt77n1!19sChIJtUhvO7rAz4URzpaekG1iJz8?authuser=0&hl=es-419&rclk=1
Dr. José Manuel Aguilar Priego," Blvd. Kepler 2143",4.7,12,222 231 3153,Abierto ⋅ Cierra a las 8 p.m. ,http://oncologodraguilarpriego.mx/,https://www.google.com/maps/place/Dr.+Jos%C3%A9+Manuel+Aguilar+Priego/data=!4m7!3m6!1s0x85cfc7dbc7923d17:0x1ab434825a034617!8m2!3d19.0223122!4d-98.23177!16s%2Fg%2F11gxnqlnlj!19sChIJFz2Sx9vHz4URF0YDWoI0tBo?authuser=0&hl=es-419&rclk=1
Medicina de Urgencias," Calle 4-Interior Sn",5.0,1,,,,https://www.google.com/maps/place/Medicina+de+Urgencias/data=!4m7!3m6!1s0x85cfc73650cf1091:0x5dfc25b303aea9f9!8m2!3d19.0306913!4d-98.2282709!16s%2Fg%2F11cmsq8b8s!19sChIJkRDPUDbHz4UR-amuA7Ml_F0?authuser=0&hl=es-419&rclk=1
Consultorios de Medicina Especializada del Sector Privado," Calle 4",0.0,0,222 604 0280,,,https://www.google.com/maps/place/Consultorios+de+Medicina+Especializada+del+Sector+Privado/data=!4m7!3m6!1s0x85cfc73650cf1091:0x8e5625f345d2fac!8m2!3d19.0308185!4d-98.2289347!16s%2Fg%2F11cmsq84_s!19sChIJkRDPUDbHz4URrC9dNF9i5Qg?authuser=0&hl=es-419&rclk=1
Consultorio Médico," Calle 628",0.0,0,222 267 0859,,,https://www.google.com/maps/place/Consultorio+M%C3%A9dico/data=!4m7!3m6!1s0x85cfc73650cff0a5:0x19d4886dd504549!8m2!3d19.0308151!4d-98.2289427!16s%2Fg%2F11cnwh3c3v!19sChIJpfDPUDbHz4URSUVQ3YZInQE?authuser=0&hl=es-419&rclk=1
Consultorio Médico Best," Blvrd Circunvalación 1437A",0.0,0,800 033 5050,Abierto ⋅ Cierra a las 9 p.m. ,http://farmaciasdesimilares.com.mx/,https://www.google.com/maps/place/Consultorio+M%C3%A9dico+Best/data=!4m7!3m6!1s0x85cfc0a062fff3b5:0xf90e432c9b965cae!8m2!3d19.0068008!4d-98.2020171!16s%2Fg%2F1ptzqq360!19sChIJtfP_YqDAz4URrlyWmyxDDvk?authuser=0&hl=es-419&rclk=1
Consultorios dentales y médicos," C. 13-A Sur 7516",0.0,0,722 350 5172,Cerrado ⋅ Abre a las 9 a.m. del sáb ,,https://www.google.com/maps/place/Consultorios+dentales+y+m%C3%A9dicos/data=!4m7!3m6!1s0x85cfc77728a962ad:0x8ba8da9fd90c0ed1!8m2!3d19.0100066!4d-98.2307934!16s%2Fg%2F11h4f_zlr2!19sChIJrWKpKHfHz4UR0Q4M2Z_aqIs?authuser=0&hl=es-419&rclk=1
"Dr. Eduardo Sumano Nolasco, Ortopedista"," Priv. de las Ramblas 4",4.8,192,222 362 6819,Abierto las 24 horas ,https://www.doctoralia.com.mx/eduardo-sumano-nolasco/ortopedista-traumatologo/puebla?utm_source=google&utm_medium=gmb&utm_campaign=34402&utm_content=website,"https://www.google.com/maps/place/Dr.+Eduardo+Sumano+Nolasco,+Ortopedista/data=!4m7!3m6!1s0x85cfc736444833c9:0x514e4bae9a1b7ea5!8m2!3d19.0308637!4d-98.2289129!16s%2Fg%2F11fn1rsyjs!19sChIJyTNIRDbHz4URpX4bmq5LTlE?authuser=0&hl=es-419&rclk=1"
Consultorio Médico," Local C, Esquina con Calle Del Bosque, Av. las Margaritas 150",0.0,0,,,,https://www.google.com/maps/place/Consultorio+M%C3%A9dico/data=!4m7!3m6!1s0x85cfc0ac558bb0b3:0x59f92e10e894065c!8m2!3d19.0138692!4d-98.2185531!16s%2Fg%2F1ptwsh8d6!19sChIJs7CLVazAz4URXAaU6BAu-Vk?authuser=0&hl=es-419&rclk=1
GRUPO MÉDICO ROJAS MARTÍNEZ," Esq. Huauchinango, A de La 16 de Sept. 6718",4.4,7,222 228 4998,,,https://www.google.com/maps/place/GRUPO+M%C3%89DICO+ROJAS+MART%C3%8DNEZ/data=!4m7!3m6!1s0x85cfb8ac819ca909:0x7640b46e05fb47df!8m2!3d18.9988998!4d-98.2237182!16s%2Fg%2F1pv1sgs8j!19sChIJCamcgay4z4UR30f7BW60QHY?authuser=0&hl=es-419&rclk=1
Teo Consultorios Médicos," C. 16 de Septiembre 3308D",0.0,0,222 477 3170,Abierto ⋅ Cierra a las 8 p.m. ,,https://www.google.com/maps/place/Teo+Consultorios+M%C3%A9dicos/data=!4m7!3m6!1s0x85cfc0c73d3be1f7:0xd7794f4b23136077!8m2!3d19.0314048!4d-98.2060134!16s%2Fg%2F1ptxcvh0r!19sChIJ9-E7PcfAz4URd2ATI0tPedc?authuser=0&hl=es-419&rclk=1
Consultorio Médico," C. 2 Sur 6334",5.0,1,,,,https://www.google.com/maps/place/Consultorio+M%C3%A9dico/data=!4m7!3m6!1s0x85cfbf54ed67b70d:0xe575bb5350d9cc68!8m2!3d19.0008416!4d-98.2192304!16s%2Fg%2F11bz488st8!19sChIJDbdn7VS_z4URaMzZUFO7deU?authuser=0&hl=es-419&rclk=1
CONSULTORIO MEDICO," C. 11 Sur 10943",0.0,0,222 232 6032,Abierto ⋅ Cierra a las 10 p.m. ,http://www.fundacionbest.org.mx/,https://www.google.com/maps/place/CONSULTORIO+MEDICO/data=!4m7!3m6!1s0x85cfb89812df7ca3:0xefa72a143707d118!8m2!3d18.9937251!4d-98.2440286!16s%2Fg%2F1pyqgrxx2!19sChIJo3zfEpi4z4URGNEHNxQqp-8?authuser=0&hl=es-419&rclk=1
Dr. Ernesto Salgado Sánchez," Consultorio 1060, Av. Kepler No.2143-10 Piso",3.6,24,12223234901,Cerrado ⋅ Abre a las 10 a.m. del sáb ,http://drernestosalgado.com/,https://www.google.com/maps/place/Dr.+Ernesto+Salgado+S%C3%A1nchez/data=!4m7!3m6!1s0x85cfc745cdd00007:0x675675993fe950fc!8m2!3d19.0212498!4d-98.2346709!16s%2Fg%2F11fcsztt2w!19sChIJBwDQzUXHz4UR_FDpP5l1Vmc?authuser=0&hl=es-419&rclk=1
Consultorio Médico," Esq. 117 Pte, C. 15 Sur 1503-B",5.0,2,,,,https://www.google.com/maps/place/Consultorio+M%C3%A9dico/data=!4m7!3m6!1s0x85cfb89a750285db:0x124f19bccefa2cd1!8m2!3d18.9921275!4d-98.25015!16s%2Fg%2F1pxw50ph7!19sChIJ24UCdZq4z4UR0Sz6zrwZTxI?authuser=0&hl=es-419&rclk=1
CONSULTORIO MÉDICO," C. 20 de Noviembre 5928",5.0,1,222 245 8314,,,https://www.google.com/maps/place/CONSULTORIO+M%C3%89DICO/data=!4m7!3m6!1s0x85cfc0a546111b39:0x5951cd9596af956d!8m2!3d19.0165434!4d-98.2092701!16s%2Fg%2F1ptx9_wzf!19sChIJORsRRqXAz4URbZWvlpXNUVk?authuser=0&hl=es-419&rclk=1
Dr. Jose Carlos Arroyo Kuribreña," Av. Kepler 2143-Oficina 3705",4.6,12,222 225 2453,Cerrado ⋅ Abre a las 8:30 a.m. del lun ,http://www.urolappuebla.com/,https://www.google.com/maps/place/Dr.+Jose+Carlos+Arroyo+Kuribre%C3%B1a/data=!4m7!3m6!1s0x85cfc741a8c87745:0xd39f42d9496a0a97!8m2!3d19.0211141!4d-98.2357576!16s%2Fg%2F1tfzbjcq!19sChIJRXfIqEHHz4URlwpqSdlCn9M?authuser=0&hl=es-419&rclk=1
Cardiólogo Dr. José Manuel Alvarado Carbajal," Hospital Puebla, consultorio 615, Priv. de las Ramblas # 4",4.1,18,222 739 5984,Abierto ⋅ Cierra a las 7 p.m. ,https://clinicadelcorazon.com.mx/,https://www.google.com/maps/place/Cardi%C3%B3logo+Dr.+Jos%C3%A9+Manuel+Alvarado+Carbajal/data=!4m7!3m6!1s0x85cfc14bdd7c846b:0x5ef5456ee18bfac0!8m2!3d19.030456!4d-98.2285989!16s%2Fg%2F11gh_fzjq4!19sChIJa4R83UvBz4URwPqL4W5F9V4?authuser=0&hl=es-419&rclk=1
Condominio Médico Bios," Mártires del 2 de Octubre 4355",5.0,3,222 212 2973,Abierto ⋅ Cierra a las 9 p.m. ,,https://www.google.com/maps/place/Condominio+M%C3%A9dico+Bios/data=!4m7!3m6!1s0x85cfc0bde162427b:0x566b23c13102acb3!8m2!3d19.0233326!4d-98.2004983!16s%2Fg%2F1txc7cfv!19sChIJe0Ji4b3Az4URs6wCMcEja1Y?authuser=0&hl=es-419&rclk=1
Instituto Cardiovascular de Puebla," Paseo de las Ramblas 2 A-interior 101",4.8,257,222 292 0877,Cierra pronto ⋅ 6 p.m. ⋅ Abre a las 9 a.m. del sáb ,https://icvp.com.mx/,https://www.google.com/maps/place/Instituto+Cardiovascular+de+Puebla/data=!4m7!3m6!1s0x85cfc7465cb3a6cd:0x67c3a3daeec44403!8m2!3d19.0304693!4d-98.2284293!16s%2Fg%2F1tdr3ndr!19sChIJzaazXEbHz4URA0TE7tqjw2c?authuser=0&hl=es-419&rclk=1
Dr. Fernando Zaraín Llaguno," Av. Kepler 2143",5.0,9,222 303 8386,Cerrado ⋅ Abre a las 11 a.m. del lun ,https://www.facebook.com/DrFernandoZarainLlaguno,https://www.google.com/maps/place/Dr.+Fernando+Zara%C3%ADn+Llaguno/data=!4m7!3m6!1s0x85cfc71640a2c4e1:0xd390e81d400bad87!8m2!3d19.021297!4d-98.2347606!16s%2Fg%2F11flc05hfc!19sChIJ4cSiQBbHz4URh60LQB3okNM?authuser=0&hl=es-419&rclk=1
Medicalidad," C. 9 Sur 4115",0.0,0,221 348 0859,Cierra pronto ⋅ 6 p.m. ⋅ Abre a las 4 p.m. del sáb ,https://www.facebook.com/Medicalidad-1904195816482399/,https://www.google.com/maps/place/Medicalidad/data=!4m7!3m6!1s0x85cfc19c71103567:0x4ccff4162e046523!8m2!3d19.0282039!4d-98.2161161!16s%2Fg%2F11jcmd26y8!19sChIJZzUQcZzBz4URI2UELhb0z0w?authuser=0&hl=es-419&rclk=1
Doctor Pérez Toriz José Mario Ulises," Blvd. Kepler 2143",2.3,6,222 225 2603,,,https://www.google.com/maps/place/Doctor+P%C3%A9rez+Toriz+Jos%C3%A9+Mario+Ulises/data=!4m7!3m6!1s0x85cfc7465cb3a6cd:0x66795fda43301a4!8m2!3d19.0238417!4d-98.234338!16s%2Fg%2F1tfl9_dl!19sChIJzaazXEbHz4URpAEzpP2VZwY?authuser=0&hl=es-419&rclk=1
"Dr. Dante Oropeza Canto, Neurólogo"," Av. Kepler 2143",3.0,8,,,https://www.doctoralia.com.mx/dante-oropeza-canto/neurofisiologo-neurologo/puebla?utm_source=google&utm_medium=gmb&utm_campaign=100202&utm_content=website,"https://www.google.com/maps/place/Dr.+Dante+Oropeza+Canto,+Neur%C3%B3logo/data=!4m7!3m6!1s0x85cfc755adb69e3f:0x23be150f737e011b!8m2!3d19.0213338!4d-98.2347394!16s%2Fg%2F11fnxvzym_!19sChIJP562rVXHz4URGwF-cw8VviM?authuser=0&hl=es-419&rclk=1"
"Dr. José Antonio Cruz Ricárdez, Traumatólogo"," Priv. de las Ramblas 4 Hospital-Consultorio 201",5.0,115,222 956 8068,Abierto ⋅ Cierra a las 8:30 p.m. ,https://www.doctoralia.com.mx/jose-antonio-cruz-ricardez/traumatologo-ortopedista/puebla?utm_source=google&utm_medium=gmb&utm_campaign=123261&utm_content=website,"https://www.google.com/maps/place/Dr.+Jos%C3%A9+Antonio+Cruz+Ric%C3%A1rdez,+Traumat%C3%B3logo/data=!4m7!3m6!1s0x85cfc73650eeac49:0xf827fdc40e5d05d3!8m2!3d19.0303848!4d-98.2285144!16s%2Fg%2F11gr2fc44h!19sChIJSazuUDbHz4UR0wVdDsT9J_g?authuser=0&hl=es-419&rclk=1"
C.Centro Médico Anzures," C. 12 A Sur 3518",3.8,11,,,,https://www.google.com/maps/place/C.Centro+M%C3%A9dico+Anzures/data=!4m7!3m6!1s0x85cfc0959144269d:0x3e8b47565c7d59bd!8m2!3d19.0255805!4d-98.1984459!16s%2Fg%2F1q5bs9nmb!19sChIJnSZEkZXAz4URvVl9XFZHiz4?authuser=0&hl=es-419&rclk=1
Consultorio Médico," Av 27 Pte 706-1",3.4,5,222 211 4013,Abierto ⋅ Cierra a las 8 p.m. ,,https://www.google.com/maps/place/Consultorio+M%C3%A9dico/data=!4m7!3m6!1s0x85cfc0c591b7977b:0x74fa1015795ced34!8m2!3d19.0370059!4d-98.209367!16s%2Fg%2F11cnwdhczr!19sChIJe5e3kcXAz4URNO1ceRUQ-nQ?authuser=0&hl=es-419&rclk=1
Mi Consultorio Las Ánimas," Av. Privada 29, C. 29 C. Sur 3521-Local B",0.0,0,800 801 6900,Abierto ⋅ Cierra a las 8:30 p.m. ,https://www.miconsultoriomx.com/mi-consultorio,https://www.google.com/maps/place/Mi+Consultorio+Las+%C3%81nimas/data=!4m7!3m6!1s0x85cfc78fe28f8b81:0xd81fdcc98e2cc9f7!8m2!3d19.0414592!4d-98.2293573!16s%2Fg%2F11swwxyj9l!19sChIJgYuP4o_Hz4UR98ksjsncH9g?authuser=0&hl=es-419&rclk=1
Hospital MAC Puebla," Anillo Perif. Ecológico 3507",4.3,972,55 4169 8514,Abierto las 24 horas ,http://www.hospitalesmac.com/,https://www.google.com/maps/place/Hospital+MAC+Puebla/data=!4m7!3m6!1s0x85cfc79dffeb520b:0xf177c9ecea2a0896!8m2!3d19.020671!4d-98.2647272!16s%2Fg%2F11g6pwr_4j!19sChIJC1Lr_53Hz4URlggq6uzJd_E?authuser=0&hl=es-419&rclk=1
Médico," C. 16 de Septiembre 10509",5.0,1,222 517 9513,Abierto ⋅ Cierra a las 8 p.m. ,,https://www.google.com/maps/place/M%C3%A9dico/data=!4m7!3m6!1s0x85cfb8b1bce09839:0x70135e9eea534a3e!8m2!3d18.9908263!4d-98.2283493!16s%2Fg%2F11bbrm1pzq!19sChIJOZjgvLG4z4URPkpT6p5eE3A?authuser=0&hl=es-419&rclk=1
"Dr. Miguel Enrique Pérez García, Médico general"," Tierra y Libertad 107-Int 19",4.4,7,222 156 9359,Cerrado ⋅ Abre a las 10:30 a.m. del sáb ,,"https://www.google.com/maps/place/Dr.+Miguel+Enrique+P%C3%A9rez+Garc%C3%ADa,+M%C3%A9dico+general/data=!4m7!3m6!1s0x85cfb93c5ce6eecf:0xf499e45fcc755bf!8m2!3d19.0032108!4d-98.2220888!16s%2Fg%2F11jffcv66w!19sChIJz-7mXDy5z4URv1XH_EWeSQ8?authuser=0&hl=es-419&rclk=1"
Dr. Gerardo Martínez Argot," Nevado de Toluca 2722",4.8,57,220 175 7479,Cierra pronto ⋅ 6 p.m. ⋅ Abre a las 10 a.m. del sáb ,http://www.doctoralia.com.mx/z/mts71x,https://www.google.com/maps/place/Dr.+Gerardo+Mart%C3%ADnez+Argot/data=!4m7!3m6!1s0x85cfc17e5e4511fb:0x77d37ad96e95672a!8m2!3d19.0404097!4d-98.2185937!16s%2Fg%2F11svwz1hhw!19sChIJ-xFFXn7Bz4URKmeVbtl603c?authuser=0&hl=es-419&rclk=1
Médico Bariatra / Medicina Estética - Dr Eduardo Cruz," C. 11 Sur 5513-2",4.7,14,222 240 2499,Abre pronto: ⋅ 5:30 p.m. ,http://www.dreduardocruz.com/,https://www.google.com/maps/place/M%C3%A9dico+Bariatra+%2F+Medicina+Est%C3%A9tica+-+Dr+Eduardo+Cruz/data=!4m7!3m6!1s0x85cfc0c5adfc74ab:0x19f63bf2819e2063!8m2!3d19.0230394!4d-98.2210832!16s%2Fg%2F11dxb0_b8s!19sChIJq3T8rcXAz4URYyCegfI79hk?authuser=0&hl=es-419&rclk=1
CONSULTORIO MEDICO," Calle 14 SUR Gustavo Díaz Ordaz 5101 Interior 104, Jardines Manuel",0.0,0,222 264 2401,Abierto ⋅ Cierra a las 8 p.m. ,,https://www.google.com/maps/place/CONSULTORIO+MEDICO/data=!4m7!3m6!1s0x85cfc0bd7ea340ad:0x9f0a5ece7380a298!8m2!3d19.0197833!4d-98.199634!16s%2Fg%2F1ptxw_47y!19sChIJrUCjfr3Az4URmKKAc85eCp8?authuser=0&hl=es-419&rclk=1
Consultorio Médico," Avenida Universidad Autónoma de Puebla O C 14 Sur 5536",3.0,1,222 245 2570,,,https://www.google.com/maps/place/Consultorio+M%C3%A9dico/data=!4m7!3m6!1s0x85cfc0a3caa78871:0xeb36498498aa3518!8m2!3d19.0127082!4d-98.2023999!16s%2Fg%2F11cnwf2ltq!19sChIJcYinyqPAz4URGDWqmIRJNus?authuser=0&hl=es-419&rclk=1
Dr. Joe Hernández Sánchez," Anillo Perif. Ecológico 3505-2",4.8,23,222 330 1232,,https://www.doctoralia.com.mx/z/WEuCQM,https://www.google.com/maps/place/Dr.+Joe+Hern%C3%A1ndez+S%C3%A1nchez/data=!4m7!3m6!1s0x85cfc7786b426741:0x33a8fa711f38319a!8m2!3d19.0205158!4d-98.2650664!16s%2Fg%2F11vkbp_t15!19sChIJQWdCa3jHz4URmjE4H3H6qDM?authuser=0&hl=es-419&rclk=1
"Dr. Aleph Adel Domínguez, Médico general"," Blvd. Héroes del 5 de Mayo 2307",5.0,6,222 324 4405,Abierto ⋅ Cierra a las 8 p.m. ,https://www.doctoralia.com.mx/aleph-adel-dominguez/medico-general/puebla?utm_source=google&utm_medium=gmb&utm_campaign=95926&utm_content=website,"https://www.google.com/maps/place/Dr.+Aleph+Adel+Dom%C3%ADnguez,+M%C3%A9dico+general/data=!4m7!3m6!1s0x85cfc0c86d3f23a3:0xc70f43d272763fd2!8m2!3d19.0334327!4d-98.1998909!16s%2Fg%2F11f3c6bfcb!19sChIJoyM_bcjAz4UR0j92ctJDD8c?authuser=0&hl=es-419&rclk=1"
Dr. Alexandre Advear Alvarez Becerra - Médico General - Cirujano Partero," Sección a 60",5.0,70,222 158 8177,Abierto las 24 horas ,,https://www.google.com/maps/place/Dr.+Alexandre+Advear+Alvarez+Becerra+-+M%C3%A9dico+General+-+Cirujano+Partero/data=!4m7!3m6!1s0x85cfc1bab119fa99:0xba2cc00b63303dd2!8m2!3d19.0172042!4d-98.1917484!16s%2Fg%2F11vwf45ws_!19sChIJmfoZsbrBz4UR0j0wYwvALLo?authuser=0&hl=es-419&rclk=1
"Dra. Elsa Moran Rodriguez, Médico general"," Blvd. Lic. Luis Sánchez Pontón 412-A",0.0,0,222 174 2713,,https://www.doctoralia.com.mx/elsa-moran-rodriguez/medico-general-terapeuta-complementario/puebla?utm_source=google&utm_medium=gmb&utm_campaign=34972&utm_content=website,"https://www.google.com/maps/place/Dra.+Elsa+Moran+Rodriguez,+M%C3%A9dico+general/data=!4m7!3m6!1s0x85cfc1b931bb650d:0x4875f3b0c2292d98!8m2!3d19.0259583!4d-98.2041909!16s%2Fg%2F11rpp0jpmj!19sChIJDWW7MbnBz4URmC0pwrDzdUg?authuser=0&hl=es-419&rclk=1"
Dr. Mario Jiménez Hernández," Hospital Angeles Puebla, Av. Kepler 2143-Consultorio 890, piso 8, torre 1",4.9,19,221 638 4067,Cerrado ⋅ Abre a las 11 a.m. del sáb ,https://www.icrnefrologia.com/,https://www.google.com/maps/place/Dr.+Mario+Jim%C3%A9nez+Hern%C3%A1ndez/data=!4m7!3m6!1s0x85cfc77603055555:0x948c4686fefe1310!8m2!3d19.0222878!4d-98.2317264!16s%2Fg%2F11jyglzhz2!19sChIJVVUFA3bHz4UREBP-_oZGjJQ?authuser=0&hl=es-419&rclk=1
"Dr. Gerardo Sánchez Martínez, Médico general"," Calle 39 Ote 1010",0.0,0,,,https://www.doctoralia.com.mx/gerardo-sanchez-martinez/medico-general/puebla?utm_source=google&utm_medium=gmb&utm_campaign=401951&utm_content=website,"https://www.google.com/maps/place/Dr.+Gerardo+S%C3%A1nchez+Mart%C3%ADnez,+M%C3%A9dico+general/data=!4m7!3m6!1s0x85cfc18c348b0ea5:0x32061e44809065b1!8m2!3d19.0253105!4d-98.1998901!16s%2Fg%2F11wwfq6g2w!19sChIJpQ6LNIzBz4URsWWQgEQeBjI?authuser=0&hl=es-419&rclk=1"
Consultorio Médico de Medicina Interna," Boulevard 2 de Octubre 4355-Interior 103",5.0,1,222 211 1534,,,https://www.google.com/maps/place/Consultorio+M%C3%A9dico+de+Medicina+Interna/data=!4m7!3m6!1s0x85cfc0be0a07a121:0x6420d684f45e973a!8m2!3d19.0236144!4d-98.2005408!16s%2Fg%2F11cnwhrq2s!19sChIJIaEHCr7Az4UROpde9ITWIGQ?authuser=0&hl=es-419&rclk=1
Plaza Medica 1," Plaza Médica I, C. 13 Sur 1907-interior 108",4.3,13,,,,https://www.google.com/maps/place/Plaza+Medica+1/data=!4m7!3m6!1s0x85cfb899aaa7f6a7:0x88eb2857153dcfc3!8m2!3d19.0415945!4d-98.2119211!16s%2Fg%2F1ptx5llpn!19sChIJp_anqpm4z4URw889FVco64g?authuser=0&hl=es-419&rclk=1
"Dr. Esteban Meza Zempoaltecatl, Reumatólogo"," Hospital Puebla, Priv. de las Ramblas 4-consultorio 630",4.2,10,222 710 9528,,https://www.doctoralia.com.mx/esteban-meza-zempoaltecatl/reumatologo/puebla?utm_source=google&utm_medium=gmb&utm_campaign=93991&utm_content=website,"https://www.google.com/maps/place/Dr.+Esteban+Meza+Zempoaltecatl,+Reumat%C3%B3logo/data=!4m7!3m6!1s0x85cfc7365ca11c33:0xe66765ec81549430!8m2!3d19.0307446!4d-98.2289276!16s%2Fg%2F11f4ldd0r6!19sChIJMxyhXDbHz4URMJRUgexlZ-Y?authuser=0&hl=es-419&rclk=1"
consultorio medico dr angel ojeda," C. 13 Sur 1305",0.0,0,222 447 6972,Abierto ⋅ Cierra a las 8 p.m. ,,https://www.google.com/maps/place/consultorio+medico+dr+angel+ojeda/data=!4m7!3m6!1s0x85cfc12cf2eb9a71:0xd334b3d1293bbe8d!8m2!3d19.044053!4d-98.2102678!16s%2Fg%2F11gy8h4q7s!19sChIJcZrr8izBz4URjb47KdGzNNM?authuser=0&hl=es-419&rclk=1
Consultorio de Medicina," Av. Orión Sur 713",0.0,0,222 166 6944,,,https://www.google.com/maps/place/Consultorio+de+Medicina/data=!4m7!3m6!1s0x85cfc7795ee01c57:0x911b083c2256ed9!8m2!3d19.0249754!4d-98.2583968!16s%2Fg%2F11h4ddg0wt!19sChIJVxzgXnnHz4UR2W4lwoOwEQk?authuser=0&hl=es-419&rclk=1
AT&T TORRES MEDICAS," Anillo Perif. Ecológico 3507-Local 2",0.0,0,222 431 4444,Abierto ⋅ Cierra a las 7:30 p.m. ,https://www.torresmedicas.com/Veracruz/,https://www.google.com/maps/place/AT%26T+TORRES+MEDICAS/data=!4m7!3m6!1s0x85cfc7ebee6b338b:0x2b00cf6055d7c694!8m2!3d19.0207329!4d-98.2645398!16s%2Fg%2F11h7fyfngv!19sChIJizNr7uvHz4URlMbXVWDPACs?authuser=0&hl=es-419&rclk=1
Consultorio de Medicina General," Calle Privada 9 C Sur 4108-Interior 303",0.0,0,222 237 0453,,,https://www.google.com/maps/place/Consultorio+de+Medicina+General/data=!4m7!3m6!1s0x85cfc0c97bf36e85:0x931b79edf3b0d008!8m2!3d19.0322794!4d-98.2154609!16s%2Fg%2F11cmsq8rl8!19sChIJhW7ze8nAz4URCNCw8-15G5M?authuser=0&hl=es-419&rclk=1
Médico Internista en Puebla | Unidad Metabólica PueblaMed," C. 17 Sur 1305",5.0,2,222 188 0169,Abierto ⋅ Cierra a las 8 p.m. ,https://unidadmetabolicapueblamed.com/medicina-interna-en-puebla/,https://www.google.com/maps/place/M%C3%A9dico+Internista+en+Puebla+%7C+Unidad+Metab%C3%B3lica+PueblaMed/data=!4m7!3m6!1s0x85cfc18ae987f4ed:0x7092df298b635f38!8m2!3d19.0456111!4d-98.2133094!16s%2Fg%2F11kq6zjfx4!19sChIJ7fSH6YrBz4UROF9jiynfknA?authuser=0&hl=es-419&rclk=1
Bios Nova Grupo Médico Puebla," C. 20 Sur #2134",4.7,3,222 243 6041,Abierto ⋅ Cierra a las 8 p.m. ,http://www.biosnova.com.mx/,https://www.google.com/maps/place/Bios+Nova+Grupo+M%C3%A9dico+Puebla/data=!4m7!3m6!1s0x85cfc0c46e1d685b:0x168e0721bae5fd5d!8m2!3d19.0287063!4d-98.1905767!16s%2Fg%2F1ptyf_9sq!19sChIJW2gdbsTAz4URXf3luiEHjhY?authuser=0&hl=es-419&rclk=1
"Dra. Monse Pantoja Morales, Médico general"," C. 9 Sur 4115",0.0,0,,,https://www.doctoralia.com.mx/monse-pantoja-morales/medico-general/puebla?utm_source=google&utm_medium=gmb&utm_campaign=298776&utm_content=website,"https://www.google.com/maps/place/Dra.+Monse+Pantoja+Morales,+M%C3%A9dico+general/data=!4m7!3m6!1s0x85cfc1cc8f168aeb:0xabebf8f6f6b11186!8m2!3d19.0314541!4d-98.2142792!16s%2Fg%2F11pdw2ltwx!19sChIJ64oWj8zBz4URhhGx9vb466s?authuser=0&hl=es-419&rclk=1"
Consultorio Médico," Río Nazas 5316",0.0,0,222 245 0137,,,https://www.google.com/maps/place/Consultorio+M%C3%A9dico/data=!4m7!3m6!1s0x85cfc0a2911815ab:0x41abfe03b39d4311!8m2!3d19.0157316!4d-98.2002493!16s%2Fg%2F11cnw8ztbg!19sChIJqxUYkaLAz4UREUOdswP-q0E?authuser=0&hl=es-419&rclk=1
Dr. Antonio Hernández González HOMEOPATÍA," Privada 9 ""A"" Sur 3902",4.8,33,222 211 1015,Abierto ⋅ Cierra a las 7:30 p.m. ,http://drantonioh.com/,https://www.google.com/maps/place/Dr.+Antonio+Hern%C3%A1ndez+Gonz%C3%A1lez+HOMEOPAT%C3%8DA/data=!4m7!3m6!1s0x85cfc0c7f12cbfa1:0x5302761f348401fb!8m2!3d19.0329322!4d-98.2137829!16s%2Fg%2F1ptvqtdbt!19sChIJob8s8cfAz4UR-wGENB92AlM?authuser=0&hl=es-419&rclk=1
"Dr. Ángel de Jesús Angeles Zenteno, Médico general"," Priv. 12 A Sur 3936",0.0,0,,,https://www.doctoralia.com.mx/angel-de-jesus-angeles-zenteno/medico-general/puebla?utm_source=google&utm_medium=gmb&utm_campaign=308656&utm_content=website,"https://www.google.com/maps/place/Dr.+%C3%81ngel+de+Jes%C3%BAs+Angeles+Zenteno,+M%C3%A9dico+general/data=!4m7!3m6!1s0x85cfc1828385dd73:0xf6dad1d2f71ee5c4!8m2!3d19.0057907!4d-98.2068405!16s%2Fg%2F11t15d5m6_!19sChIJc92Fg4LBz4URxOUe99LR2vY?authuser=0&hl=es-419&rclk=1"
Médica 13 Puebla," Av. 13 Pte. No.1304",4.0,38,222 949 1874,Abierto las 24 horas ,,https://www.google.com/maps/place/M%C3%A9dica+13+Puebla/data=!4m7!3m6!1s0x85cfc1460eb737ed:0xc1ff5af4c8bf1583!8m2!3d19.0448665!4d-98.2105255!16s%2Fg%2F11hl0zvd0h!19sChIJ7Te3DkbBz4URgxW_yPRa_8E?authuser=0&hl=es-419&rclk=1
"Dra. Alejandra Salazar, Internista"," 201 Diagonal Defensores de la República",5.0,1,221 398 8491,Cerrado ⋅ Abre a las 8 a.m. del sáb ,/aclk?sa=L&ai=DChsSEwiBtvj0yPePAxW4lu4BHT-JNDMYACICCAEQBRoCZHo&co=1&ase=2&gclid=EAIaIQobChMIgbb49Mj3jwMVuJbuAR0_iTQzEBAYASAAEgJpSPD_BwE&cid=CAASQuRogwBGNit_8QmMbVZeaG2n2ZkzZa_2oERn_yxepp7c1JbFBuKxwgFmnU6mIf11Qf6L-M89ueEnz4bVPAS8N7bIMg&cce=2&category=acrcp_v1_32&sig=AOD64_31txlXzvanufljzBAG3aShvLj4Uw&adurl&q&ctype=99&nis=6,"https://www.google.com/maps/place/Dra.+Alejandra+Salazar,+Internista/data=!4m7!3m6!1s0x85cfc16b095c960f:0xfb036594c6420cb4!8m2!3d19.058563!4d-98.210148!16s%2Fg%2F11nwbx0l2r!19sChIJD5ZcCWvBz4URtAxCxpRlA_s?authuser=0&hl=es-419&rclk=1"
Hospital Puebla," 4 Privada de las Ramblas",4.3,703,222 594 0600,Abierto las 24 horas ,/aclk?sa=L&ai=DChsSEwiBtvj0yPePAxW4lu4BHT-JNDMYACICCAEQABoCZHo&co=1&ase=2&gclid=EAIaIQobChMIgbb49Mj3jwMVuJbuAR0_iTQzEBAYAiAAEgLUUfD_BwE&cid=CAASQuRogwBGNit_8QmMbVZeaG2n2ZkzZa_2oERn_yxepp7c1JbFBuKxwgFmnU6mIf11Qf6L-M89ueEnz4bVPAS8N7bIMg&cce=2&category=acrcp_v1_32&sig=AOD64_2e5mVhvfKlXTGeYgO5aLbcsMKvCw&adurl&q&ctype=99&nis=6,https://www.google.com/maps/place/Hospital+Puebla/data=!4m7!3m6!1s0x85cfc776ef75190d:0xde4d9063394de177!8m2!3d19.030434!4d-98.22856!16s%2Fg%2F1tdxqt7h!19sChIJDRl173bHz4URd-FNOWOQTd4?authuser=0&hl=es-419&rclk=1
Dr. Eduardo Roberto Hernández Escobar Diabetólogo," Torres Médicas I, Penhouse 1610, Anillo Perif. Ecológico 3507",4.9,112,222 120 3034,Abierto ⋅ Cierra a las 8 p.m. ,https://www.doctoralia.com.mx/eduardo-roberto-hernandez-escobar/diabetologo-medico-estetico-especialista-en-obesidad-y-delgadez/puebla,https://www.google.com/maps/place/Dr.+Eduardo+Roberto+Hern%C3%A1ndez+Escobar+Diabet%C3%B3logo/data=!4m7!3m6!1s0x85cfc10d5998eff5:0xd57d2111b42b7eaf!8m2!3d19.020178!4d-98.264785!16s%2Fg%2F11g_rmq4gq!19sChIJ9e-YWQ3Bz4URr34rtBEhfdU?authuser=0&hl=es-419&rclk=1
Consultorio Médico Geriatra Dr. Angel Vázquez Flores," C. 3 B Sur 4316",5.0,14,221 178 5809,,http://widgets.hulilabs.com/es/doctor/calendars?wid=dc0&did=55856,https://www.google.com/maps/place/Consultorio+M%C3%A9dico+Geriatra+Dr.+Angel+V%C3%A1zquez+Flores/data=!4m7!3m6!1s0x85cfc1df5fd5ca45:0x2609893413ae71ea!8m2!3d19.0283559!4d-98.2113366!16s%2Fg%2F11kb8z2k9s!19sChIJRcrVX9_Bz4UR6nGuEzSJCSY?authuser=0&hl=es-419&rclk=1
Médico-Bariatra," Av 29 Pte 2715",3.7,3,222 237 9500,Abierto ⋅ Cierra a las 7 p.m. ,,https://www.google.com/maps/place/M%C3%A9dico-Bariatra/data=!4m7!3m6!1s0x85cfc72c37896b0f:0x24b8cdd1de117563!8m2!3d19.0438427!4d-98.2255916!16s%2Fg%2F1ptz59sh8!19sChIJD2uJNyzHz4URY3UR3tHNuCQ?authuser=0&hl=es-419&rclk=1
"Dr. Juan Carlos Villalobos Olivera, Médico general"," SUCURSAL Torres Médicas Fifty Doctor´s, Blvrd 14 Sur 4302-Consultorio 258",0.0,0,222 706 0583,,https://www.doctoralia.com.mx/juan-carlos-villalobos-olivera/medico-general-medico-de-familia/puebla?utm_source=google&utm_medium=gmb&utm_campaign=303441&utm_content=website,"https://www.google.com/maps/place/Dr.+Juan+Carlos+Villalobos+Olivera,+M%C3%A9dico+general/data=!4m7!3m6!1s0x85cfc71809e82d19:0x3945a4e0cd87ec7e!8m2!3d19.0221817!4d-98.1985603!16s%2Fg%2F11spwnh51s!19sChIJGS3oCRjHz4URfuyHzeCkRTk?authuser=0&hl=es-419&rclk=1"
Consultorio Médico," C. 7 Sur 2906",5.0,1,222 243 4308,,,https://www.google.com/maps/place/Consultorio+M%C3%A9dico/data=!4m7!3m6!1s0x85cfc0c5fb49d25d:0xeb4653125bebcfd2!8m2!3d19.0355352!4d-98.2095967!16s%2Fg%2F11cmsq9m2_!19sChIJXdJJ-8XAz4UR0s_rWxJTRus?authuser=0&hl=es-419&rclk=1
Consultorio Médico Dr. José Luis Días Ureña," Av 7 Ote, De Analco",5.0,1,,,,https://www.google.com/maps/place/Consultorio+M%C3%A9dico+Dr.+Jos%C3%A9+Luis+D%C3%ADas+Ure%C3%B1a/data=!4m7!3m6!1s0x85cfc0ee67f8483b:0xa6a74ef2d463a7b6!8m2!3d19.0372524!4d-98.1905832!16s%2Fg%2F1pv60lk38!19sChIJO0j4Z-7Az4URtqdj1PJOp6Y?authuser=0&hl=es-419&rclk=1
Consultorio Medico General - Dra. Adriana Zúñiga Márquez,Médico de familia,0.0,0,221 718 3437,,,https://www.google.com/maps/place/Consultorio+Medico+General+-+Dra.+Adriana+Z%C3%BA%C3%B1iga+M%C3%A1rquez/data=!4m7!3m6!1s0x85cfc77ff6d7d709:0x282cbd1557c648c!8m2!3d19.0184612!4d-98.2620722!16s%2Fg%2F11sdyfw8cp!19sChIJCdfX9n_Hz4URjGR8VdHLggI?authuser=0&hl=es-419&rclk=1
GRUPO MEDICO DE ESPECIALISTAS," Av. 31 Pte. 3327",0.0,0,222 249 7808,Abierto ⋅ Cierra a las 7 p.m. ,,https://www.google.com/maps/place/GRUPO+MEDICO+DE+ESPECIALISTAS/data=!4m7!3m6!1s0x85cfc72fc910c685:0x6ce24ac9c945f193!8m2!3d19.046129!4d-98.2326737!16s%2Fg%2F1tdlhmzm!19sChIJhcYQyS_Hz4URk_FFyclK4mw?authuser=0&hl=es-419&rclk=1
Centro Médico Medici," C. 16 Pte. 1907",3.6,67,222 246 0958,Abierto las 24 horas ,http://www.centromedici.com/,https://www.google.com/maps/place/Centro+M%C3%A9dico+Medici/data=!4m7!3m6!1s0x85cfc126108b243f:0xd170b5e4c7e18d48!8m2!3d19.0577168!4d-98.20958!16s%2Fg%2F1trxf0s_!19sChIJPySLECbBz4URSI3hx-S1cNE?authuser=0&hl=es-419&rclk=1
MEDICO," Avenida Ignacio Zaragoza 509 Altos",0.0,0,222 233 3536,,,https://www.google.com/maps/place/MEDICO/data=!4m7!3m6!1s0x85cfc0bb380d7151:0x1037f56907708e6f!8m2!3d19.0182978!4d-98.2062494!16s%2Fg%2F1pv5kmqmk!19sChIJUXENOLvAz4URb45wB2n1NxA?authuser=0&hl=es-419&rclk=1
Clínica Médica de Puebla," Avenida Reforma Sur 6101 Col. Reforma Sur, Puebla, Mexico, Calle de la 3 Sur 327",4.4,115,222 249 3972,Abierto las 24 horas ,http://www.clinicadepuebla.com/home.html,https://www.google.com/maps/place/Cl%C3%ADnica+M%C3%A9dica+de+Puebla/data=!4m7!3m6!1s0x85cfc6c4bac51ed7:0x7fbe614db78801fc!8m2!3d19.0642398!4d-98.2371692!16s%2Fg%2F11b7lcq9t0!19sChIJ1x7FusTGz4UR_AGIt01hvn8?authuser=0&hl=es-419&rclk=1
Hospital Los Pilares," Calle 24 Sur 4312",3.3,172,222 233 5627,Abierto las 24 horas ,,https://www.google.com/maps/place/Hospital+Los+Pilares/data=!4m7!3m6!1s0x85cfc09a76870c43:0xc385e04599436d3a!8m2!3d19.01796!4d-98.1920019!16s%2Fg%2F1tycw_6s!19sChIJQwyHdprAz4UROm1DmUXghcM?authuser=0&hl=es-419&rclk=1
"CONSULTORIO MEDICO (CONSULTA DE MEDICINA GENERAL, DENTISTA, NUTRICION CLINICA Y CIRUGIA GASTROINTESTINAL)."," Av San Manuel 2446",5.0,5,222 183 5895,Abierto ⋅ Cierra a las 8 p.m. ,https://www.facebook.com/Consultorio-de-medicina-general-y-especialidades-quir%C3%BArgicas-110718201481433/?ti=as,"https://www.google.com/maps/place/CONSULTORIO+MEDICO+%28CONSULTA+DE+MEDICINA+GENERAL,+DENTISTA,+NUTRICION+CLINICA+Y+CIRUGIA+GASTROINTESTINAL%29./data=!4m7!3m6!1s0x85cfc1564808d0e1:0x183f95712bd8bdae!8m2!3d19.0118131!4d-98.1937795!16s%2Fg%2F11fm16ryts!19sChIJ4dAISFbBz4URrr3YK3GVPxg?authuser=0&hl=es-419&rclk=1"
Consultorios de Medicina Especializada del Sector Privado," Río Papaloapan 5507",4.6,5,222 243 0544,Abierto ahora ,,https://www.google.com/maps/place/Consultorios+de+Medicina+Especializada+del+Sector+Privado/data=!4m7!3m6!1s0x85cfc09ecd734dfd:0x5dc022e9b5ee8c18!8m2!3d19.0119469!4d-98.1959513!16s%2Fg%2F11cnw7ypmp!19sChIJ_U1zzZ7Az4URGIzutekiwF0?authuser=0&hl=es-419&rclk=1
Consultorio Médico Militar," Privada 35 Ote 1614",4.2,5,222 237 5512,,,https://www.google.com/maps/place/Consultorio+M%C3%A9dico+Militar/data=!4m7!3m6!1s0x85cfc0943bce2e29:0xb348710a5bc2c449!8m2!3d19.0249061!4d-98.1956874!16s%2Fg%2F11cmsq8chb!19sChIJKS7OO5TAz4URScTCWwpxSLM?authuser=0&hl=es-419&rclk=1
Médico Foniatra," 9 Sur 3916-Local B Gabriel Pastor, 1a",5.0,44,,,https://www.facebook.com/Foniatra/,https://www.google.com/maps/place/M%C3%A9dico+Foniatra/data=!4m7!3m6!1s0x85cfc0b50751ca79:0xfe8b34422f7dc987!8m2!3d19.0322074!4d-98.2128589!16s%2Fg%2F11f537cy3s!19sChIJecpRB7XAz4URh8l9L0I0i_4?authuser=0&hl=es-419&rclk=1
Consultorio de Medicina General," Boulevard Licenciado Luis Sánchez Pontón O Prolongación Avenida 43 Oriente 804-Interior 104a",0.0,0,222 240 0941,,,https://www.google.com/maps/place/Consultorio+de+Medicina+General/data=!4m7!3m6!1s0x85cfc0be4fdc89df:0xf0ae8a555358803a!8m2!3d19.0260435!4d-98.2016291!16s%2Fg%2F11cmsq9_h_!19sChIJ34ncT77Az4UROoBYU1WKrvA?authuser=0&hl=es-419&rclk=1
"Dra. Denisse Zayas Cortés, Médico general"," Segunda C. del Cadete Vicente Suárez 2502",0.0,0,,,https://www.doctoralia.com.mx/denisse-zayas-cortes/medico-general/puebla?utm_source=google&utm_medium=gmb&utm_campaign=325127&utm_content=website,"https://www.google.com/maps/place/Dra.+Denisse+Zayas+Cort%C3%A9s,+M%C3%A9dico+general/data=!4m7!3m6!1s0x85cfc14d48019c37:0x9224691289313b1c!8m2!3d19.0296745!4d-98.1936188!16s%2Fg%2F11kpnc91ml!19sChIJN5wBSE3Bz4URHDsxiRJpJJI?authuser=0&hl=es-419&rclk=1"
